AAAAAACACCAACATG,2
AAAAAACGAATCATCA,1
AAAAAAGAAGCCAACA,1
AAAAAATCAACAAGCC,0
AAAAACATCAGAAGTT,5
AAAAACCAAATTCCCC,2
AAAAACCAACCGATTT,0
AAAAACGACACAAGAT,3
AAAAACTCATTCCAAT,0
AAAAAGAACCCTACCG,0
AAAAAGCACACTCCCG,0
AAAAAGGTATAGCCCT,3
AAAAATAGCCTCAGGC,0
AAAAATGAATCTATAC,0
AAAAATGACATACCCT,3
AAAAATTAAGCTAGGT,0
AAAACACAAGTAATGA,3
AAAACACGACCGATAT,5
AAAACCCCAATACCTG,5
AAAACCCTAAGGAGGT,4
AAAACCCTATAAATCC,5
AAAACCGAACAGATGT,1
AAAACCGAAGAACATT,5
AAAACCGCAGTTCAGC,1
AAAACCTGAAACACCT,1
AAAACCTGCCATAAAA,1
AAAACCTTATGGATGT,1
AAACAACACAATCAGT,7
AAACAAGCCCTCCACC,6
AAACAAGGAGCAACCA,4
AAACAATAATAAAGTG,2
AAACAATACAAGACTG,6
AAACAATACCGCAAAC,6
AAACAATTCCTAATAC,5
AAACACACAACAATAC,0
AAACACGAAAGTATTA,2
AAACACGTACCGCCTC,6
AAACACTAAAGAAGAA,3
AAACACTTCAGAACCC,1
AAACAGCCAAAAATTG,2
AAACAGGACACACATG,3
AAACAGGCATGTAATT,1
AAACAGGTCCATCCGA,6
AAACATATACTTCAGC,0
AAACATCAAGTTCAAC,2
AAACATTAAACTCACA,7
AAACATTTACCCAGCT,4
AAACCAAGACCGAACG,7
AAACCAAGAGCAAGAG,1
AAACCACAACGACCCC,7
AAACCACCAGAGCCCA,3
AAACCCCTACGGAAGT,4
AAAGAACACACCCAAC,0
AAAGAACCAATCAAGT,5
AAAGAACTACCGAGTC,3
AAAGAAGAAATAATCT,3
AAAGAAGCAATGCATT,5
AAAGAAGCAGACAAGG,3
AAAGAAGCCAAGATCA,2
AAAGAATACCCTAAAA,2
AAAGAATGACAGACTA,2
AAAGAATGCAAGCACA,0
AAAGACACACGCATCC,6
AAAGACCCCATACAAG,5
AAAGACCGATTGAGAA,6
AAAGACGCACTTCCCC,1
AAAGACGTACTGCAAA,4
AAAGACTCAGAAAGGT,7
AAAGAGATCCCTAAGA,6
AAAGAGCGAGTAACCT,2
AAAGAGGGATGACCCG,5
AAAGAGGTAACAACAC,3
AAAGAGTTAGCTCCCG,2
AAAGATTTAAGAAGCG,7
AAAGCACCCCGAATAA,3
AAAGCAGCCAGCAGGT,1
AAAGCAGGATCAAATT,1
AAAGCATAAGGGCAAA,6
AAATAAATCCATCAGT,6
AAATAAGCATGCATAC,3
AAATAATCAGAGAGCA,7
AAATAATTATAACCAT,0
AAATAATTATATACTA,3
AAATACAAATCTCCAA,2
AAATACAACAATAGCT,1
AAATACAGACTAAAAT,6
AAATACCTAGTGAGTC,5
AAATACTCAGAGCCAT,3
AAATACTGACTTAAAC,5
AAATAGAGATTTCATT,0
AAATAGCAAACACAAT,7
AAATAGCGCCCAAAAC,4
AAATAGTAACGGAATT,4
AAATAGTACATACCAG,3
AAATATACCCTTCCGC,4
AAATATAGATGACAGA,1
AAATATATCATGATCA,5
AAATATCAAACTATTC,4
AAATATCGACCCAAAT,5
AAATATCTACCCATTA,3
AAATATGTCATCAAAG,1
AAATATTGCCGTATCA,5
AAATCACACAAGAGAC,1
AAATCCGCATGCCAAG,0
AAATCCTTACCTCATT,1
AACAAACTCCGAACTA,5
AACAAAGCAACAATGG,2
AACAAAGGACCGCCCT,6
AACAAATAAGGAACTC,5
AACAAATACATAATTT,1
AACAAATTCATACCGC,2
AACAACCACCATAAGC,0
AACAACCGAATGATGG,2
AACAACGAAAGGATGG,1
AACAACGAAGGTATAT,2
AACAACTCAAGTAAAT,3
AACAACTCACTTAAGA,3
AACAACTTCCCAACAT,0
AACAAGGAATATACCA,5
AACAAGGCACACAATT,3
AACAAGTCATAGCCGG,4
AACAAGTGATGGACCC,5
AACAATGACACCAAGG,5
AACAATTTAAACAACG,7
AACACAAAATCTCCGA,5
AACACACACCCTAAAA,0
AACACAGAACCTCCTC,6
AACACAGTAGGACCTA,1
AACACCCCCAAGATAT,6
AACACCGGAAAACATG,6
AACACCGGAAATACGC,0
AACACCGGCACAAAAT,0
AACCAAACATCTCACT,3
AACCAAACATGTACGG,4
AACCAAACCACGAATC,0
AACCAACAATTGCAAC,6
AACCAAGAAATCAGAC,4
AACCAAGGACAAATCC,0
AACCAATCATAGAATT,6
AACCACCAAAAAAGTA,6
AACCACCACAGGCCGT,2
AACCACTAAGACATGC,7
AACCACTACAACCAAG,5
AACCAGAAACGAACTG,1
AACCAGGCCCTTCCTC,1
AACCAGTAATTGACCT,7
AACCATACAATAATAG,4
AACCATATACTGATCT,2
AACCATCCCAGGACGG,5
AACCATCTACGAATTG,4
AACCATGTCCGGACAC,1
AACCCAATATGTCCAG,6
AACCCACAAACGAGGA,2
AACCCACTCAAGAGGG,5
AACCCAGGCAGTACCA,6
AACCCAGTCACTACCA,4
AACCCAGTCCCACCCA,0
AACCCCGCAGCGACTT,2
AACCCCGGACGTATTG,3
AACCCCGGAGCCCAAG,3
AACGAAACATGGATCT,3
AACGAACAATATACAT,3
AACGAAGACACAAGTT,4
AACGAAGACCTGAACT,6
AACGAAGGCCAGCAGC,0
AACGAAGTAACGAACT,3
AACGACCTACCACCTG,1
AACGACTAACATAAAT,0
AACGACTCCCTGAACT,0
AACGACTGAGTCAACG,2
AACGAGGCACGGAGCA,3
AACGAGTACATCAGGT,4
AACGAGTGATTGCAAA,0
AACGAGTTACTACCCC,0
AACGAGTTAGCCAGTA,4
AACGAGTTAGCGAAAT,1
AACGATACAACTATTT,3
AACGATAGAAGTCACG,1
AACGATGCAAGAACTC,0
AACGATGGCCAGCCTA,2
AACGATGTCATCAAGC,4
AACGCAGAATACCAGA,0
AACGCAGTAGACATAA,5
AACGCATTAGAGCCCT,2
AACGCCATACACAATC,5
AACGCCTCCAAACAGC,2
AACTAAAGCCTTACGG,6
AACTAAGTATAACATG,2
AACTAAGTCCGCCCTC,4
AACTACCAAACACCGG,3
AACTACCAATCTAGCC,1
AACTACCCAAGGAATT,4
AACTACCCCCCCACTG,1
AACTAGACACCTAGGC,1
AACTAGCCAGTTATTG,0
AACTAGGACACGAAAA,0
AACTATATAATCCAAC,0
AACTATATATCTATGT,0
AACTATCCCCACAGAC,7
AACTATCTATCAAAAC,5
AACTATCTCATCACGT,2
AACTCAAAACATACGT,2
AACTCACCCCTGATGT,0
AACTCACGCCGCCCGC,0
AACTCCAAATTCATTC,7
AACTCCCAAGCGCAGT,0
AACTCCGCAAAGCAAG,1
AACTCCGTAACGCCGT,6
AACTCCTACCTTACTA,4
AAGAAAATCAACATTT,5
AAGAAAGCAATCAAGG,4
AAGAAAGTCAAGCATA,0
AAGAACTGCCAGAGCC,6
AAGAACTTCAGGACCA,3
AAGAAGGAATGTACTG,0
AAGAATACCCTGATCA,2
AAGAATAGCCTTAATG,4
AAGAATATAACGACAT,5
AAGAATGAAGCCATCC,1
AAGAATGAATTGACTG,2
AAGACAAAATGACACT,3
AAGACAGAACAAAGGC,7
AAGACAGTCACACCTT,1
AAGACATGCATTATCT,0
AAGACATTCAAGAAGT,1
AAGACCACACTCACAT,5
AAGACCCGCATTAACT,1
AAGACCTGCCCGATCA,7
AAGCAAACACCGCAGT,5
AAGCAAAGACATACAC,5
AAGCAAAGAGTTAGAT,4
AAGCAAATCATTCCAA,1
AAGCAACTCCCCAATC,7
AAGCAAGGAGAGCCGA,2
AAGCAATAAAACAAGC,2
AAGCAATAAATAATGA,3
AAGCAATAAGTCAAAG,4
AAGCACGCACGCCAAA,0
AAGCACTCCCTACCCA,5
AAGCAGAGACCTATAA,4
AAGCAGATACCCAAAA,1
AAGCAGCAATAAAGTT,0
AAGCAGTAACGCAGAG,1
AAGCATAAACGCCATA,7
AAGCATAAACTCACCA,2
AAGCATGCAGCGAAGA,5
AAGCATGTCAGTACTA,3
AAGCATTGAGATATCG,3
AAGCCAAAAACTACGC,1
AAGCCAAAAAGTCCAT,3
AAGCCAACACCCATGT,7
AAGCCACAAACCAAGA,1
AAGCCACGACGCCACC,5
AAGCCAGTCCCACAAC,1
AAGCCATAACTAAAGG,2
AAGCCATCACAAATAG,1
AAGCCATGATAGCAAA,0
AAGCCCCAATATACGG,2
AAGCCCGCAGAACCGG,1
AAGCCCTAAGTCACCG,3
AAGCCCTCCCAACCCG,6
AAGCCCTTCCGAAACT,5
AAGGAAGGAGAGAGCG,1
AAGGACCACCTGATAT,4
AAGGACCTATTACCAC,5
AAGGACCTCACACCCC,5
AAGGACCTCCTCAGTG,5
AAGGACGGCAACAGCA,1
AAGGACTGCCTACAAT,1
AAGGACTTAGTTATAC,4
AAGGAGACACACCCTT,0
AAGGAGGCCACTCATA,3
AAGGAGGTCCCAAATT,3
AAGGAGTAAATGAAGG,4
AAGGATACCACAACCG,5
AAGGATCACCACCCAC,3
AAGGATCCAAGTCCTT,0
AAGGATGCACGAACCC,3
AAGGATTGAACCAGGG,7
AAGGATTGACCAATGA,5
AAGGCAACCAGACACC,2
AAGGCACAATTGAAGC,0
AAGGCAGACATGAGCC,3
AAGGCAGCAGGGAGTC,2
AAGGCAGTACGGCCTA,3
AAGGCAGTAGAGAAGG,2
AAGGCCAGAAGCATCG,1
AAGGCCCGAAGTCCTA,0
AAGGCCCGCCACCCGT,2
AAGGCCCTCAGGAATA,0
AAGGCCGCAGCAAGCA,0
AAGGCCTTAGTCAGGT,5
AAGTAAAGCATCATCC,2
AAGTAAATAAATCCCT,6
AAGTAACACAATAGCC,5
AAGTAACACCCAAACT,0
AAGTAACGACTGAGGT,4
AAGTAACGAGCCAAGT,1
AAGTAACGAGCCCAAT,4
AAGTAACTCAACCCTG,0
AAGTAAGCAAGGATTG,0
AAGTAAGCACTGATAT,4
AAGTAAGCCAACAGAG,5
AAGTAATGACACAAAT,0
AAGTAATTCATAAAAG,5
AAGTAATTCCATAACC,1
AAGTAATTCCGGAAGG,0
AAGTACCCATACATTC,4
AAGTACCTACACACTC,7
AAGTACCTATCCCAAC,6
AAGTACGACATGACCA,5
AAGTACGCATACAACT,0
AAGTACGCCCCCAGCA,1
AAGTACGGACCTAGTC,1
AAGTAGAACAACCAGA,6
AAGTAGCAAGTTAACC,5
AAGTAGGAATGTATTC,3
AAGTAGGCAGGTCCTC,1
AAGTATAAATTGCCTA,7
AAGTATACCACCCCTG,0
AAGTATCGAACGCCAA,3
AAGTATCGCCGCCCTT,2
AAGTATGAATATAGTC,3
AAGTATGTAGCAAACA,1
AAGTCAAACACGCAGG,1
AAGTCAACACTGCCAG,1
AAGTCAAGACAACCGG,2
AAGTCACAAAGAAACG,3
AAGTCACGACACCCGT,4
AAGTCACGCACGACAG,2
AAGTCATCAATCAACC,2
AAGTCCACAACCCCTT,0
AAGTCCGAACGGAGCT,3
AAGTCCGCATGGATAC,1
AAGTCCGGAAGCATGT,0
AAGTCCGTATTTCAGC,0
AAGTCCTGAAACCCTC,2
AAGTCCTTATTTATTC,4
AATAAAAAATGTAGGG,3
AATAAAAGATGAAGTG,3
AATAAACGCCAGATTC,7
AATAAACTCCCCACGA,7
AATAAAGGACGCATCT,2
AATAAATACATCAGTG,1
AATAAATGAGACACCT,2
AATAACAAACGTCCGT,4
AATAACACATAAAGGG,1
AATAACAGACACCCTG,3
AATAACCCACAGAAGT,4
AATAACCCACGGAAAA,6
AATAAGCTAGGACCGG,0
AATAAGCTATGTCCGG,1
AATAAGGCAAAACATC,6
AATAAGGCAATAAGGC,0
AATAAGGTAACTACCT,2
AATAAGTCAGATACTC,1
AATAAGTTAGGTCCAT,1
AATAAGTTATATAGCA,7
AATAATAAAAAAATAC,6
AATAATAGAGAGAAGC,2
AATAATTACCTTACTA,2
AATAATTCAACACACT,1
AATAATTCATGACAAG,5
AATACAAAACTTAATC,0
AATACAACACGTACAA,0
AATACACCAGAAAACA,2
AATACACGAGGGATGA,0
AATACAGGATAAATTG,3
AATACATAAGCACAAG,4
AATACCACCAGAAAGC,6
AATACCATACCCCCCC,2
AATACCGCAATCCACA,7
AATACCTTATACAAAA,0
AATCAACCAAGAACTC,1
AATCAACCATCAACCG,3
AATCAAGAAATTACTA,7
AATCAAGACCCTATCG,5
AATCAATGATGTACAG,4
AATCACCCCCCTATTC,3
AATCACCGCAGCCAGG,1
AATCACGCCAATATTA,6
AATCAGGACCACCCTG,5
AATCAGGGAATTACTA,7
AATCAGGTAGATACAC,1
AATCAGTAAAGGCCTT,3
AATCAGTGAGCACCGA,0
AATCATGAACTGCAAG,0
AATCCAACACACCAAA,1
AATCCAGAACAACAGA,7
AATCCATCATTTCATA,4
AATCCCAGAGCGCACC,2
AATCCCATCCTTCACC,2
AATCCCGGAATACCTC,0
AATCCCTGCCAAAGTG,4
AATGAAAGATCTAATC,3
AATGAAGCCCTAAGGT,3
AATGACAAACCCAACC,3
AATGACTCACATCCAG,6
AATGAGAAATCACAGG,4
AATGAGATATCCATGA,0
AATGAGTAACCCACGG,3
AATGATGCACGACACG,7
AATGATGCCCTTCACA,1
AATGCAACACTCCCTG,1
AATGCACCACGTAGTG,3
AATGCACCATTCAACA,1
AATGCATACCCGACTG,3
AATGCCAGCCGCAATG,4
AATGCCCGAATGCAGG,0
AATGCCCTCCCGACCA,3
AATGCCTGACGCAGAT,5
AATGCCTGATTTCAGA,0
AATTACAGACTCACAG,1
AATTACCCAATTCCAG,3
AATTACGCAACCAGGG,1
AATTAGCGACGGAAGG,4
AATTAGTAACAAAGAT,0
AATTATAAACTGATGG,0
AATTATAGCAGTATGG,1
AATTCAAACAGAAAGT,1
AATTCAGAAAGTAGCC,2
AATTCAGGCACACCTA,4
AATTCATGATTAAAAG,6
AATTCATTCCATATCA,3
AATTCCCACAGAACCT,2
AATTCCCTATAACCTT,2
AATTCCGCAGGGAGAC,5
AATTCCGTAGTCCCAA,1
ACAAAAAACCGGAGGT,4
ACAAAAATCCAGCAGT,3
ACAAAACCAAGACATC,5
ACAAAACCACGGCCTT,2
ACAAAACCATTAAGTT,5
ACAAAAGGATAACCGA,7
ACAAAATAATCGCATC,2
ACAAAATACCGTCAAA,1
ACAAACAAACTGCCAT,2
ACAAACACATGTAGCG,2
ACAAACGACAGCAAGT,1
ACAAACTACCCAAGTG,2
ACAAACTGAGGCATGT,5
ACAAAGATCCATCACC,4
ACAAAGCAACCTAGAA,5
ACAAAGGAAGGGACCG,6
ACAAAGGCCCGCAATA,5
ACAAAGGTAACGACAG,0
ACAAAGTTCCAGACTC,6
ACAAATCTCCCCATTC,5
ACAACAAAATTGACGC,5
ACAACAAACAAAAAGC,3
ACAACAGTAATTATTC,4
ACAACCCGAGGGAACT,1
ACAACCCGATCGCCTA,0
ACAACCTCAGTCATTT,6
ACACAACCCAAGCATA,2
ACACAACTAGTGATTT,1
ACACAAGCCAGGAGAA,2
ACACAAGCCATGATCG,6
ACACAATGAGGCCCAT,5
ACACACAAATTCATAA,0
ACACACCAAAGTAACT,2
ACACACCACCATAGCT,0
ACACACGAACGCCCTA,4
ACACACGGCCAGCAAA,4
ACACAGCCACCTATGT,5
ACACAGTAACTTCAAT,3
ACACAGTTCAGAAATT,1
ACACATAACCCGAAGG,2
ACACATATATACATTG,4
ACACATCTATCCAACA,5
ACACATGAACAAATCT,0
ACACATTAAATTCAAT,6
ACACCACTCAGGACAT,5
ACACCAGGCCGGACAA,2
ACACCATCATTGCCTC,3
ACACCCACAACAACCG,4
ACACCCGACCGGATGC,2
ACAGAAACAGCGAAGC,3
ACAGAAGCATACCAGA,5
ACAGAAGCATATAGTT,7
ACAGACTGATCCAACC,0
ACAGAGAACCACAAGC,4
ACAGAGAGATGACCTG,6
ACAGAGTTACCACCCC,1
ACAGATAAAGCGATGC,0
ACAGATCTATGAACTT,3
ACAGATGAAGGACATT,5
ACAGATGGAAGAATTG,2
ACAGCACTCCGGCCGT,4
ACAGCATGAATCAGGA,5
ACAGCCACCCATACTC,3
ACAGCCATAGATCACG,2
ACAGCCGCACCCACAA,5
ACATAACGACAGCCGT,5
ACATAACGCCGAAGTC,2
ACATAATAAACCACGG,2
ACATAATACCGTCAAT,4
ACATAATTAGTGATCG,3
ACATACGACCTTCCAG,3
ACATACGGATTGAGAA,4
ACATATAACCTTCCGT,1
ACATATACAACAAGTG,1
ACATATAGAAAACCAT,2
ACATATCCAAACCAGT,4
ACATATGAAGGACAGG,6
ACATATGGATGAAACG,0
ACATATTGCACAATTG,3
ACATCAAACATAAAAC,0
ACATCAGAACTCACCG,4
ACATCAGGATACCAGC,7
ACATCAGTCAAAAATC,4
ACATCATACCGGCAAA,2
ACATCCACCACCAAGC,2
ACATCCCGCCGACAGA,0
ACATCCGGAGCAAGGG,0
ACCAAACGATAGAGGC,1
ACCAAACTCATGAATT,6
ACCAAAGTACAGCCCA,1
ACCAAAGTACCCAATT,7
ACCAAATGAGTCCCAA,4
ACCAACCAAACACCTT,0
ACCAACCAACAACAGA,2
ACCAACGCAACAAGAC,0
ACCAAGACCACTAGTT,0
ACCAAGCCATTCAGCT,1
ACCAAGGCAATACATA,3
ACCAAGGGCCAGAAAT,3
ACCAAGGTCCGGAAAA,2
ACCAAGTCAGTCAAAT,5
ACCAAGTCCCTGAAAC,5
ACCAATGAATATACAT,7
ACCAATGCAAGTACGA,2
ACCACAAGAAGTAGGT,0
ACCACACACCAAAAAC,5
ACCACAGGACGAAGGT,0
ACCACATAATGTCCTC,4
ACCACATCAAGAAGGA,7
ACCACCACACTTAACG,1
ACCACCCTCACGCAAG,1
ACCACCGAACTGAAGC,0
ACCACCTCAATGAACT,3
ACCACCTGCCAGACAT,4
ACCACCTTATTGCCCT,0
ACCCAACTATTAACGT,1
ACCCAATTATTAACCG,5
ACCCACACAAAGATGT,2
ACCCACATACGCAGCA,0
ACCCACCACAACAGTA,6
ACCCACCCAAGTACGG,1
ACCCACCTACGCAAAG,0
ACCCACGCCCAAATTC,4
ACCCACGTAATAACCT,0
ACCCACTCACCCACCT,1
ACCCAGCTCCCCATTT,0
ACCCAGTAATCCATAT,7
ACCCAGTGCATTAGGA,6
ACCCATATAGATACGT,0
ACCCATATCCGCAAAA,2
ACCCATCACCAACACA,3
ACCCATCCAGGTATCG,1
ACCCCAAAAGGCATCT,0
ACCCCACACCAAAGAT,4
ACCCCACCCCTGAGCT,4
ACCCCAGGACGTACCG,2
ACCCCCACAGAACCGT,0
ACCGAAAACCATATGG,0
ACCGAAATAACAAGAG,7
ACCGAACAAAGTAGAG,4
ACCGAACTCAGGCCAT,0
ACCGAAGGACACCCCG,4
ACCGAATGAATTCCCC,5
ACCGAATTCAGCCCGC,3
ACCGACAGAGCGCCCC,1
ACCGACCGCCGCAAAA,5
ACCGACTCAGCCCACG,2
ACCGACTGCAGTAAAC,0
ACCGAGAAAACACATA,4
ACCGATAGATATACCC,5
ACCGATCCATTACACT,7
ACCGATCGACTGCCGC,2
ACCGCACACCTTAGAG,0
ACCGCACCAACGCAGC,3
ACCGCACCAACTCCAG,5
ACCGCACCAATCAGTT,6
ACCGCACTAACAAAGC,0
ACCGCAGAAAAGCCTG,5
ACCGCAGGATCTCCGG,0
ACCGCAGTAGGGATTA,1
ACCGCATTATCCATAG,5
ACCGCCTTAAGGAATG,7
ACCTAAATAGCAAACG,7
ACCTAAATAGTCAACA,0
ACCTAACAACATCAAG,3
ACCTAAGAAAATACAC,3
ACCTAAGACCTGCCCC,7
ACCTAAGGAAACCCTT,2
ACCTAAGTATCCAAAC,4
ACCTAATAATCAAAAC,5
ACCTACCTATGGCCGC,0
ACCTACGACCTAACAT,1
ACCTACGGAAGTATGC,3
ACCTAGGAATATATGA,5
ACCTAGTAATGCCAGT,0
ACCTAGTGACTTACTC,2
ACCTATGCCACACCAT,5
ACCTATGGAGGCATCG,1
ACCTATTAAGACATAG,0
ACCTATTGATCACCTT,3
ACCTATTTATACCCAG,0
ACCTCAAAAGACCAGG,3
ACCTCAAGCCGCAATG,0
ACCTCACCAGAGAGGG,6
ACGAAAACAGTTCAAG,3
ACGAAAATCCGTAAGA,0
ACGAAACAAGTGACCG,5
ACGAAAGAAGTTCAGC,6
ACGAAATGCCGAATCG,2
ACGAACATAGCCAATT,7
ACGAACGGAGTGACTC,6
ACGAACTGACCGATCC,7
ACGAACTTAGGAATCT,1
ACGAAGATCCGAAAAT,5
ACGAAGTTCCCTAAAA,6
ACGAATATAAGGAAAG,7
ACGAATCAAATAAGAA,5
ACGAATTCCCGGAACA,3
ACGAATTGCAAGCCTC,5
ACGACATGAGGCATGT,0
ACGACATGATGAAAGC,1
ACGACCGAACGAAGGG,3
ACGACCTAAAACACTG,4
ACGACCTCCAGTCCTT,4
ACGCAAACCCAACCCA,1
ACGCAAAGAAGAATTA,3
ACGCAAAGAATAAAAT,1
ACGCAAATCCGTACTA,4
ACGCAACGACTTCCCC,4
ACGCAACGATCAAACA,6
ACGCAATACCTTCCAG,0
ACGCAATGCCGGCATA,0
ACGCACGCCCCCAGTC,0
ACGCACGGATAGATTG,6
ACGCACGTACCACAAA,7
ACGCACTCAGGGAGGA,1
ACGCACTTAACGAGTG,2
ACGCAGAGAGGTATGG,2
ACGCAGCTAGCGAAGA,0
ACGCATAAAACGAGTT,4
ACGCATCAACGTCCTA,4
ACGCATCTCCGTACGC,2
ACGCATGCCATGAAGA,0
ACGCATTCAAGACAAC,0
ACGCATTCACTTAGGG,3
ACGCATTGACAAAATG,1
ACGCATTTCCAGAGGG,4
ACGCCACGAAACAGAC,4
ACGCCACGCACCAAGA,3
ACGCCACTAGACCCCC,1
ACGCCAGCCATAACCC,4
ACGCCAGGATGCACAT,1
ACGCCCACCAGGCCTT,3
ACGCCCAGCACAAGTA,4
ACGCCCGTCCAAAGCC,4
ACGGAAACACCAAGTA,2
ACGGAATAAGTCACGT,4
ACGGAATGATTCAGAC,1
ACGGACAGACTCCATT,3
ACGGACAGCCATCCGT,6
ACGGACGAATCACATT,3
ACGGACTTAACGATCG,2
ACGGAGTGAACCACAT,2
ACGGATGGAGGCCACG,2
ACGGCAAACCATCATC,6
ACGGCACTAGTCCACT,1
ACGGCAGACCATACAT,2
ACGGCATTCAAAACTG,4
ACGGCCATCAAAAGAA,2
ACGGCCTTACCAAATG,0
ACGTAAGAAATGCCTT,5
ACGTACTTAGTTATAT,0
ACGTAGATATCAAGTG,4
ACGTAGTCAAGCAGGG,0
ACGTCAAAAATGAGGG,5
ACGTCAGAAGTTAAGA,6
ACGTCCGACCGAAACC,4
ACGTCCTAACAACACT,0
ACGTCCTAAGTCACAG,2
ACGTCCTACCCAATGC,4
ACTAAAACCCGGACGT,4
ACTAAAAGACTAAACC,4
ACTAAACTATGCATTT,5
ACTAAAGAAGTGATTC,6
ACTAAATCACTAACAG,1
ACTAACCAAATGAACA,2
ACTAACCAAGGAACCC,0
ACTAACGCAATGAGTT,4
ACTAACGGAAAACATA,4
ACTAACGTATTTCCGC,5
ACTAACTAATTAAGTG,7
ACTAAGACATTCCAGG,4
ACTAAGAGAGAGCCTA,2
ACTAAGGACACTAAAA,4
ACTAAGGTCCAACCGC,7
ACTAAGTAAGCTACAA,4
ACTAATAGAAGTCCAT,1
ACTAATTGCCCAAAGA,2
ACTACAAGAGGGAAGA,2
ACTACACTCCCAACTC,3
ACTACATAACTTACCT,3
ACTACCAGAGTAAAGG,4
ACTACCCAAAGACACT,1
ACTACCGACACGACCA,5
ACTACCTTCCCGACTC,7
ACTCAAATAGGGCCAT,0
ACTCACGTCAGAAAAA,0
ACTCACTCATCTCAAT,0
ACTCAGACAAACAGAA,7
ACTCAGTCCAGGATCG,0
ACTCATCGAGCCAGTT,6
ACTCATGTAATGAAGC,5
ACTCCAACATACCCCT,7
ACTCCCAACCTTAGCT,0
ACTCCCCCACGGACTG,6
ACTCCCCGCCCCCCAC,4
ACTCCCTAAGTACAAG,4
ACTCCCTACCGACATA,4
ACTGAAACAAGCAGGA,5
ACTGAACGAAGTACTT,1
ACTGAAGAAACGATAG,0
ACTGAAGGCCACAGGG,4
ACTGACCACCGTCAGG,0
ACTGACCTATCGATTA,0
ACTGACGCCCTGCACT,3
ACTGAGACCACCATCT,1
ACTGAGATAAATAAGG,5
ACTGAGTAAACTAACT,1
ACTGATGAAACTATTC,1
ACTGATGAACAAAGCG,0
ACTGCAATACGTAAGT,5
ACTGCACTCACGCCTG,5
ACTGCAGACACAACGA,2
ACTGCAGGCAACACGC,5
ACTGCATACCAACAAA,3
ACTGCATGAGAGAAGG,6
ACTGCCACCCACATGG,3
ACTGCCCCCAGACAGC,4
ACTGCCCGAGTAATAG,0
ACTGCCCGATATCCCC,6
ACTGCCCGATTTCAGC,4
ACTGCCCGCAGCACCC,6
ACTGCCCTAGTGAGTG,1
ACTGCCGGAGCAATGT,1
ACTTAACGACGGCACG,0
ACTTAACGCCACACCC,2
ACTTAAGGCCTAAGAT,3
ACTTAATGACATATCC,1
ACTTACCTCCACACAT,3
ACTTACTCAAGCCCGC,1
ACTTAGAGCAGCAATA,0
ACTTAGCCAGTGCCGT,2
ACTTAGGGCCCGAGTG,2
ACTTAGGTAAAGAGGT,3
ACTTAGTCCCATCACA,5
ACTTATAACCGAACTG,4
ACTTATACAAGCAAGT,3
ACTTATATAATTCACT,6
ACTTATCAACGTAGGC,6
ACTTATCGCCTTAAGA,6
ACTTATTAACGGAGTC,4
ACTTATTCCATCAATG,3
ACTTCACGAGTACCAG,0
ACTTCATAAAGTATCT,2
ACTTCATACCTGACTA,1
ACTTCCACCATTACCG,4
ACTTCCCGACCAAGGG,2
ACTTCCGCAAATATTG,7
ACTTCCTAAGTGAGAT,7
ACTTCCTCAAAACCCT,2
ACTTCCTGATCCAAAG,1
AGAAAAGCCCTCAAAG,6
AGAAACAAAATGACCA,0
AGAAACACACACCACC,7
AGAAACTCCCCAACAT,2
AGAAAGCTAAACATTT,0
AGAAAGTTCAAGAAGA,5
AGAAATCACCTTCAAA,2
AGAAATGAAAACAGAT,5
AGAAATGTACCAACCG,6
AGAAATGTCCAAACTG,4
AGAAATTGAGCAAACA,3
AGAACAAAAAGGAAAA,5
AGAACAGAAATTAACC,3
AGAACCATAGTGAACT,2
AGAACCCACACCACTA,4
AGAACCCTACGCAATC,6
AGAACCGCACTGCAGA,2
AGACACAGACTCACTT,5
AGACACGCATCGACAA,4
AGACACTACCACCCAT,0
AGACAGGGATTTAAGT,4
AGACATGACAAAAAGC,2
AGACATTCAGTGAAAG,0
AGACCACCATTGAGCA,2
AGACCACGCATGACTC,6
AGACCCAAATTCCAAA,6
AGACCCTAAACCCCGC,1
AGACCCTTCATCAGGT,1
AGAGAAATCAATAGTC,4
AGAGAACACCCAAATC,1
AGAGAATTAGCAACGC,6
AGAGACCTCCAAATAC,4
AGAGACGCACATACTC,0
AGAGACTAAGGAACTG,3
AGAGAGAGCCTCCCAA,6
AGAGAGCAAACACCAT,2
AGAGAGGCAGGAAGGG,0
AGAGAGGGAGACACTA,1
AGAGAGGTAAGGAAAT,5
AGAGAGGTACTTATTT,1
AGAGAGTACCCAAACG,4
AGAGAGTGATCTAGTA,6
AGAGAGTTATCTCCAT,2
AGAGATACATTGCCTG,0
AGAGCAAACATCAAGT,2
AGAGCACAATCCAAAT,4
AGAGCACTAAAGCCCA,0
AGAGCAGCAGCAAGAA,4
AGAGCAGCATTGAAAC,5
AGAGCATACATTACCT,0
AGAGCCCAATATCATG,3
AGAGCCCCCCAGCAAA,2
AGAGCCTCATCGACAG,0
AGAGCCTGCACTAGGG,1
AGATAAATCATCCCGG,5
AGATAAGGAGGGAGTC,6
AGATAAGTAACAAGGG,7
AGATACGAAACGAGCT,4
AGATAGAAACCTCATG,4
AGATAGATATTAACCC,5
AGATAGCTCCAGAAGC,6
AGATAGGCAGGACCGC,1
AGATAGTCCCCTCCCA,2
AGATAGTGCCCCACGT,4
AGATAGTTAGCTCCCA,5
AGATATACAGCCACTA,3
AGATATAGACTCCACC,6
AGATATCAATTGACGA,5
AGATCAACCCAAATTC,2
AGATCAATACAACCGT,4
AGATCACTACTTAGAA,6
AGATCCAACCTTATAC,2
AGCAAACAAAGGAGAA,7
AGCAAACACCGCACGA,7
AGCAAACCAACAATAT,3
AGCAAAGGACACATGC,5
AGCAAATGAAGTCAGA,0
AGCAAATTATTCATTC,2
AGCAACACATTTAGCT,1
AGCAACGTCAATACAC,0
AGCAAGCGACTGAAGG,5
AGCAAGGAACAGCCGA,2
AGCAAGTGATCTAACA,6
AGCACACCCATTATCC,1
AGCACACGAGCAAGTC,4
AGCACATACACAAGGA,1
AGCACCCGAACGATAA,3
AGCCAAAAAATTACGC,2
AGCCAAATAGGGCCGA,6
AGCCAACCACCCAGAA,2
AGCCAACTAGCGAGCT,3
AGCCAAGAAGGTAGTC,6
AGCCAAGTCAATAATG,4
AGCCAATCACAGAGCC,1
AGCCAATCCAGAAACA,0
AGCCACAACAGGCAAC,4
AGCCACAGCCTTACTG,5
AGCCACATCATGAGAA,3
AGCCACTGCAATATAC,6
AGCCAGAGAATCAGGG,1
AGCCAGGGCCGGCCTG,3
AGCCATCTCCGTAAGA,7
AGCCATGAAGCGCACT,6
AGCCATTACACCAGGC,1
AGCCATTCCAACAACT,5
AGCCCAAGAAAGACAC,0
AGCCCATCAGAGAACC,7
AGCCCCAAAGAGCCAG,3
AGCCCCCCACATCCGG,0
AGCCCCGCAGTCAGCT,3
AGCCCCGGATGCAAAC,4
AGCGAAAGATATAACC,2
AGCGAACCACAGCAAC,3
AGCGAAGCAATACACA,0
AGCGAATAATCAATGG,0
AGCGACATATCCAGAA,3
AGCGACGCATTCATGG,3
AGCGACGGCCATCCTC,3
AGCGACTAATTAACGC,7
AGCGAGCTATCTACCT,3
AGCGAGGAAAAGAACC,1
AGCGAGTCATGTATAG,5
AGCGATCCCATCCCAC,6
AGCGCAAAAATTAACT,4
AGCGCAACACTTAAGG,3
AGCGCACAATACCAAA,6
AGCGCACCCCCGCCAC,3
AGCGCACTAATAAGGC,0
AGCGCAGGAAAACAGC,2
AGCGCATTAAGAACCC,2
AGCGCCCTCATCCAGT,3
AGCGCCGTATTAAAGC,4
AGCTAAAACAACAATA,4
AGCTAAATCAACAGTC,2
AGCTAACAATTGAATG,2
AGCTAAGTAACAACCA,0
AGCTACCCCACACAAC,5
AGCTACGGCAGGAGGA,0
AGCTAGAAACAGAAAA,3
AGCTAGCGAAGGAATG,2
AGCTATAACCAAACCC,5
AGCTATACAGGCCACA,3
AGCTATATACCCCATC,1
AGCTATGGAGTTATCC,0
AGCTATTCAGTGACGC,6
AGCTCAAAACGCATAT,2
AGCTCCCTCAGAAATT,0
AGCTCCTCCACAATGA,1
AGGAAAGCATGTATCC,2
AGGAAAGCCACCATCT,0
AGGAACAACAGAAGAC,3
AGGAACAGATGACACC,1
AGGAACATCATCCACG,5
AGGAACCACAGGCCTT,0
AGGAACCCAGGCAGAG,1
AGGAACGAAGAGAAGC,2
AGGAAGACCCAAAACT,5
AGGAAGCAAATCAGCG,3
AGGAAGCGCCGGAAGT,6
AGGAAGTCAAGCCACG,4
AGGAATAAAAACCATC,1
AGGAATATAGTGATCG,1
AGGACAAACACGCACC,0
AGGACCGCACCAAGAT,6
AGGACCGGCAGTAATT,2
AGGACCTTCAGACATT,4
AGGCAAGCATACAGAA,2
AGGCACGCACCCAATA,6
AGGCAGGAAGGGCCGC,2
AGGCAGGCCCTTACCA,2
AGGCATCAAGGGAGCT,4
AGGCCAAGATACACGC,0
AGGCCCACCCATAATC,7
AGGCCCCAATTGATCC,4
AGGCCCCGCCCCACTC,0
AGGGAAAAAAGAATGG,5
AGGGAAAGCAGCATGG,1
AGGGAACAACTGCAAG,2
AGGGAACCAAATAAAA,5
AGGGAAGACACCAGAA,3
AGGGAAGCATCGCCCC,2
AGGGAAGTCCGAAGTC,6
AGGGACAGAGTACCAC,0
AGGGACCTATTGAGGT,0
AGGGACGAAACCATCC,4
AGGGACTTCCCTATCA,0
AGGGAGCCATTAACTG,3
AGGGAGGGACGGAAGT,6
AGGGAGTACCGAAAGA,2
AGGGATGGAAAGCCCT,6
AGGGATGTCATGCCGC,2
AGGGATTTATACCACT,3
AGGGCATTCATTATCA,5
AGGGCCGAATTGACAG,1
AGGTAAGCCCCCCCTT,4
AGGTAAGGCCTTATAG,4
AGGTAAGTATATACTG,4
AGGTAATTCATGACTT,1
AGGTACATCAAAACAA,0
AGGTACCCACATAACG,3
AGGTACGGACCCCACC,4
AGGTACTTCAGTAAAG,2
AGGTAGCGAACTCAAT,7
AGGTAGGCAACTATAA,0
AGGTAGTTACGGACTG,6
AGGTATCCCAATATGA,0
AGGTATGCCCTGATCA,1
AGGTATGGATGACCAA,3
AGGTATGTAGAACCTC,1
AGGTATTAAACAATTA,4
AGGTATTCATGACCTG,4
AGGTCAAGACTCACAC,5
AGGTCAATCACCAACT,2
AGGTCACCCAGTAAGC,3
AGGTCATTCCTTAGCC,3
AGGTCCACACTCAAAG,7
AGGTCCCGACTCATCC,6
AGGTCCGCAACGAGCA,2
AGGTCCGCACACAATG,4
AGGTCCTTAGGCAGAG,7
AGTAAAAGACACATGC,3
AGTAAATCCATCACAA,4
AGTAAATGCCCGCCCA,0
AGTAACAGCCTGACAG,4
AGTAACCCAACCCATG,5
AGTAACTTCCGGACGC,1
AGTAAGCGCATAACTG,3
AGTAAGTAATCCCCTA,7
AGTAAGTCAACTAACT,3
AGTAATAGAAATAATC,6
AGTAATGACACTACTG,0
AGTAATGCAGCTCCCG,0
AGTAATTGAAGTACTG,3
AGTACAACACGTAACG,5
AGTACAACATGGCACG,0
AGTACATACAGCACAG,5
AGTACCTTCCGTATGT,6
AGTCAAACCCTGCCAG,5
AGTCAATCCCCCAACG,4
AGTCAATGATTAAGCC,5
AGTCACCCATAACCAG,5
AGTCAGAAAATGACCA,1
AGTCAGCAACACAACT,4
AGTCATATCAGCAAAT,0
AGTCATGAAGGCATTA,0
AGTCATGACAAACCTC,6
AGTCCACAAGGGAGGT,3
AGTCCCAAAGATAAGC,4
AGTCCCAGACCTCAGC,1
AGTCCCAGCCTTATGG,4
AGTCCCATAACCCAAG,5
AGTCCCCACCGGATAA,0
AGTCCCCCATCAAGAT,3
AGTCCCTTAAGCACTT,5
AGTGAACTACCCACGT,7
AGTGAATAACTACAAC,3
AGTGACAAAAGGAATG,2
AGTGACAGAACTACCA,5
AGTGACATAGATACCG,4
AGTGACCCCCTCAGAA,0
AGTGACCCCCTTCACG,5
AGTGACCTAGTAACGA,1
AGTGACTCATTAACCA,4
AGTGACTCCCTAACAA,0
AGTGAGTTAGGCAGTC,1
AGTGATAAAAGTCATC,7
AGTGATAGATCGAAAC,6
AGTGCACAACAGAGGG,5
AGTGCAGCACGGCCTG,6
AGTGCCAAATCGATGT,7
AGTGCCCCAAAGCAGT,7
AGTGCCGACCGAAGAT,7
AGTGCCTGAGGAAAGG,1
AGTTAATGCAAACCGT,2
AGTTACGCACCTAGGG,3
AGTTACGGCCATACTG,1
AGTTAGACATTGATTA,6
AGTTATATCACCACCA,0
AGTTATCCACCAATTC,2
AGTTATCGAAGTCACC,3
AGTTCAGGATCAATCT,0
AGTTCCCTACTAACTT,6
AGTTCCTAACTTCATT,5
AGTTCCTGACCGAGGG,2
ATAAAAACCAGGACAC,6
ATAAAAATATACCAAT,2
ATAAAAATATCGCCTT,4
ATAAAACCCACCCAGA,6
ATAAAACTAAATAAGG,0
ATAAAACTAGCCAAAC,3
ATAAACCGATATATCG,5
ATAAACCTAATAAGAG,4
ATAAACTCATACAATA,6
ATAAAGCGACGTATAT,5
ATAAAGTAACTGCAAA,5
ATAAATACAGTTCAGT,0
ATAAATCGAAGTAGGG,0
ATAAATTGAATGACCA,1
ATAACAACAAGCCCTC,2
ATAACACTAGATAGGA,1
ATAACAGGACAAACAA,4
ATAACCCTCCCCATGT,1
ATAACCGGAAAGCAAC,5
ATAACCTAAAGAACAG,4
ATAACCTCAACCCAGC,2
ATACAAAAATCAAGGA,2
ATACAACCATCCATAT,5
ATACAAGCCACTAAGC,0
ATACAAGCCCGTATTC,4
ATACAAGTAGATCATC,2
ATACAATTATGACAGT,0
ATACACACAGGCCCTT,5
ATACACCAAGCTACAG,1
ATACACCAATTCAAGG,1
ATACACCCATTGAAGC,5
ATACACCTATACAGTT,6
ATACACGCACAAAAAC,4
ATACACGTAATCATTA,5
ATACACTAATGTAGAC,4
ATACACTTCAACAGGG,0
ATACAGACCACAAGAC,1
ATACAGGTCCCAAATC,2
ATACAGTTATAGCCGC,4
ATACATAAATTTCCAC,5
ATACATTGCCGTCCCG,0
ATACCAACAGTTAAGG,3
ATACCACGCAGTATTC,5
ATACCACTAAGGAAGT,5
ATACCAGCCCCAACGG,2
ATACCATCCATCACTT,0
ATACCATGCCTTAGCT,3
ATACCCACCACCATAT,3
ATACCCCAACGGAAGA,6
ATACCCTTATTGAGGC,4
ATAGAACAATGTATTC,1
ATAGAACGCAGGAGTT,5
ATAGACGTATTAATAG,2
ATAGATACAGGTAACA,0
ATAGATAGACTACCCG,3
ATAGCAACAGTGAAGC,0
ATAGCACTCCCGAGTA,2
ATAGCATCACTTACTG,4
ATAGCCAACCTCAATG,6
ATAGCCCGAGGGCATT,5
ATAGCCCTACCTAACT,3
ATAGCCGCACCCAGAA,1
ATATAAAGACTACCGT,4
ATATAAATAATCCCTA,6
ATATAATACCATACTT,0
ATATAATGATCAACCC,4
ATATACAGATCCCAGG,4
ATATACCAATTCATAT,6
ATATACGAATCTACGT,0
ATATAGAACCCTAGAA,6
ATATATAGAACGCCTG,5
ATATATGAACGTAGTT,0
ATATCAAGACAAAAGT,4
ATATCAGTCCGTAAAC,1
ATATCCAGCATGCAAA,3
ATCAAAAGACATATTG,1
ATCAAACAACGACAGC,7
ATCAAAGGATGAAGGA,7
ATCAAAGTACTCCATC,5
ATCAACAAAAAGACCG,5
ATCAACAACCAAATGC,3
ATCAACAACCCTCCTT,0
ATCAACATAATGATCT,5
ATCAACTTAATTAAGA,3
ATCAAGAGAAACACTT,3
ATCAAGAGAGGGAGTA,0
ATCAAGAGAGTACCAT,3
ATCAAGCCAGCCCAGG,1
ATCAAGCTAACTCACA,7
ATCAATCAATCACCGG,4
ATCAATGCAGCGATCG,1
ATCAATGTCAGTCAAT,1
ATCAATTAAGGCCATC,6
ATCAATTTAGCTACAG,3
ATCAATTTCCTGCAAG,4
ATCACACGCAAGAGAA,1
ATCACACTCACTCCGG,1
ATCACACTCCTTAGCT,2
ATCACAGAACGAATGC,0
ATCACAGCACCTCACA,1
ATCACAGCAGAGACAT,5
ATCACAGTACGCATAC,5
ATCACAGTAGGTCCCA,1
ATCACCGGACGGCCGT,7
ATCACCGTACAACAGA,5
ATCACCTACATTAAAT,7
ATCACCTTCCAGAGTG,0
ATCCAAGTACCCAACT,4
ATCCAAGTACGAACAT,7
ATCCAAGTATTGACAA,3
ATCCAATCAAGCAGCG,4
ATCCACCCCCACCACA,1
ATCCAGGTAAAGACAC,2
ATCCAGTAACCTACCA,1
ATCCAGTACCGAATCA,6
ATCCATATCAAACATT,3
ATCCATATCATACCGA,0
ATCCATGCAACGACTG,4
ATCCATGTCAAACATA,2
ATCCATTGAGGAAGGG,5
ATCCCAACAAAAACGT,4
ATCCCAATAGATCATA,1
ATCCCACAACTCATGT,0
ATCCCAGAACATCCAG,3
ATCCCAGGCAAACAAA,2
ATCCCATACACGCCAA,3
ATCCCCGGCCATCCCA,0
ATCCCCGTATGAAGCA,6
ATCCCCTCAAGAACAC,6
ATCCCCTGCCTAAACC,3
ATCCCCTGCCTGAGTT,0
ATCGAATTAGTCCAAG,6
ATCGACGGACGTAAGT,1
ATCGACTAAAGACCTC,7
ATCGAGCAAGTCATGT,3
ATCGAGCCAGCCCACG,1
ATCGATTGCAGCATCA,1
ATCGCAACCACAAGAC,1
ATCGCAAGATTCAAAT,7
ATCGCACGAATAACGG,2
ATCGCAGACCCGAAGC,1
ATCGCATACCCTCCGG,5
ATCGCCTAATCACATC,5
ATCTAAGTCATACCTA,5
ATCTACCTAAGGAGGG,0
ATCTACCTCCTGACTT,7
ATCTAGCTAATCCCAC,5
ATCTAGTACCCTATTT,0
ATCTATATAAACATTA,1
ATCTATATAAGGACCC,0
ATCTATTTCCGAAGGC,5
ATCTCAAAAATAATCT,7
ATCTCAGAATGAAATG,6
ATCTCAGTCCTGAAGG,7
ATCTCATCCAACCAGT,7
ATCTCCACAACTATGT,2
ATCTCCACAATAAAGC,1
ATCTCCACATTAAAAC,2
ATCTCCCAACCCCACG,3
ATCTCCGAAGCCCAGC,1
ATCTCCGCACCGACTG,3
ATGAAAGGACCCAAGG,2
ATGAACACACGACAGT,2
ATGAACCTATTGCCAT,0
ATGAACCTCCCAAAAT,3
ATGAACGTATGGCAGC,7
ATGAACTCCCAAAAGA,4
ATGAAGAGCAACCCTA,3
ATGAAGGAACAGAGTC,1
ATGAATACCCCACCCA,5
ATGAATAGCAATACCG,0
ATGAATATATCTACTA,2
ATGACACCACCCAAGG,2
ATGACCCAAGAAAGGG,4
ATGACCCAAGATAAGA,1
ATGCAAAGCAGTCCTC,4
ATGCAAGCCAGGATTA,7
ATGCAATTACGAAGGT,3
ATGCAATTCAGTACCT,3
ATGCACAACAGGACGG,2
ATGCACACCACAAAGC,7
ATGCACGGACCCAAGC,7
ATGCAGCTACTAAGAA,1
ATGCAGTCAGGGCCTT,2
ATGCATGGAGCGACCG,4
ATGCATTGAGTTCCAC,5
ATGGAACGAAGCACCT,3
ATGGACAAACAGATAG,5
ATGGACCTCATTAAAA,1
ATGGACTAATCGCCGG,1
ATGGACTTCCCCAAAT,1
ATGGAGAACCGGAACG,1
ATGGAGAGAGATATGG,3
ATGGAGGCATGTAGTG,7
ATGGATCTCATGAATA,2
ATGGATGACCGTACGC,2
ATGGATGCAGGAAGTA,6
ATGGATTCATGAACAC,7
ATGGATTGAATTAAAG,3
ATGGCAAGATCCATAT,6
ATGGCACTCAAGACAT,7
ATGGCATACATAAGCG,2
ATGGCCACACCAAGGT,4
ATGGCCATAGCCCCTA,3
ATGGCCGAACGGCCGT,3
ATGGCCGGCCTCAGTT,6
ATGGCCGTACTTAGTC,5
ATGTACAAATCACCTA,1
ATGTACACAATGAAAC,7
ATGTACCAATGGACGT,1
ATGTACCCATTCCCCG,6
ATGTACTACCTCAAGC,3
ATGTAGATAAATACGC,4
ATGTAGCGCATACCGG,2
ATGTATCCATTAACCC,1
ATGTATGAAGAACATT,1
ATGTATTGCAGGCCGT,4
ATGTATTTCCACCCTA,2
ATGTCAAAAGGTCCCC,7
ATGTCCACAATAACGT,5
ATGTCCAGAGATATTA,1
ATGTCCCCAGATAGGG,2
ATGTCCGTATAAAGTC,2
ATGTCCTAATACCAAG,6
ATGTCCTTCCTAAGCG,1
ATTAAAGCAGCAAGGT,0
ATTAAATGAAAAAAGC,4
ATTAACATAGACATGT,3
ATTAACCACCTACATT,0
ATTAACTCACCCATGA,3
ATTAACTCACTAAAGG,4
ATTAACTTATCCCAGC,1
ATTAAGAAAACGCCGC,1
ATTAAGATAAACAACT,1
ATTAAGGGCATAATTC,0
ATTAAGGTATCGCATG,0
ATTAAGTACAACCCTG,4
ATTAAGTCCCGTATAA,0
ATTAATATAAGAAATC,6
ATTAATGACCCCATCG,4
ATTAATGCATGTAATG,2
ATTAATTACAACAGCT,5
ATTACAAACCCAACGG,0
ATTACAGAAGTTAACT,4
ATTACATCATTTAAGT,6
ATTACCCAATGAACCA,1
ATTACCGGACAGCAGT,2
ATTACCGTATGACCGT,3
ATTCAACCACGAACTC,4
ATTCAAGAAGTACCGT,3
ATTCAATGACGGCAAA,1
ATTCACCAAGAGAGCA,4
ATTCACCCCCAGATGT,0
ATTCACCGAGGACCGA,7
ATTCACTAACAGAACG,4
ATTCAGAGCATTAACC,3
ATTCAGATCCTCCATA,4
ATTCAGCTCAACCCCG,2
ATTCAGGCATCCCCCC,3
ATTCAGGCCCCTAGTT,3
ATTCAGTGACAACACT,2
ATTCATAACCTACCCA,1
ATTCATATAAGTAATT,0
ATTCATCAAATCATGG,2
ATTCATCAACACCCGA,0
ATTCATCAACCAAACG,1
ATTCATCGAAGCCAGT,6
ATTCCAAGAATGAACC,1
ATTCCAAGCCGGAACC,2
ATTCCACTACCCAGGT,4
ATTCCAGCAGGTATGA,3
ATTCCATGAAAAAGGG,3
ATTCCCAAAGAAACCT,0
ATTCCCAGAACTACCT,6
ATTCCCCCAAATAAGG,7
ATTCCCCTCCGCCCGG,6
ATTCCCGACAGTAAGC,2
ATTCCCTTCCGTCCTA,5
ATTCCCTTCCTACATT,5
ATTGAAATATTCACGA,5
ATTGAACGAAAGACTG,5
ATTGAAGTAACAAAAG,2
ATTGACACACCTCATC,2
ATTGACACACGACACC,7
ATTGACAGATCCATGG,7
ATTGACCTATAGACGA,5
ATTGAGAGAAACAAGC,6
ATTGATCAAATCCCTA,5
ATTGATCGAGCCATAG,6
ATTGATGGAATGAACA,1
ATTGATTAAGCAAATT,2
ATTGATTTAATAAGGC,5
ATTGCACGACAGACGT,4
ATTGCACGATACCCCT,2
ATTGCAGCAGGTAAAG,0
ATTGCATGATTGAATT,7
ATTGCATGCATTACTT,6
ATTGCCCACCACAAGC,4
ATTGCCCGAACTAAGC,3
ATTGCCGTATATATTC,2
ATTGCCTAAACAAATA,2
ATTGCCTGCCGAACTG,5
ATTTAAAAACTGATAT,2
ATTTACATCAGCAGCG,0
ATTTACCACCGAACAA,0
ATTTACGACAGCCATT,4
ATTTACTGACACAAGA,0
ATTTAGAAAAAAAGAG,3
ATTTAGAAAATGAAGA,1
ATTTAGCACCCCCAGC,0
ATTTAGGCAAATAGTT,7
ATTTAGTAAGCTAAGG,2
ATTTAGTCATGACAGC,1
ATTTAGTGACTTCCCG,3
ATTTATAAAGGGAATA,0
ATTTATCAAAATCCGG,1
ATTTATTCAGGCATCG,1
ATTTCACAACAACCGA,1
ATTTCATGATGTAATT,4
ATTTCCGTAATCCCTT,2
ATTTCCTCATAGAACA,0
CAAAAAACAATACATA,4
CAAAAACCACGTAAGC,4
CAAAAACGAAGTAGCC,0
CAAAAAGGCAAAAGTC,2
CAAAAAGTCCTACAAT,3
CAAAAATGAGGGATTC,6
CAAAACCTATTGCCAG,7
CAAAACTACACGAACC,1
CAAAACTTATTAAAGC,0
CAAAAGAACCCAAAGT,1
CAAAAGCGACAAAGGA,7
CAAAAGGCCCAAAAAT,2
CAAAAGGGACATCCAT,2
CAAAAGGGCCGTCCCT,4
CAAAAGTGCATTACAG,0
CAAAATCCATTACACT,2
CAAAATCCCACCACTT,2
CAAAATGAAGACAAGT,6
CAAAATGGAGTAAGTA,0
CAAAATTCCACAACCC,3
CAAAATTTAAGAACTA,2
CAAACAAGAGCACCGG,5
CAAACACAACTTCCAC,3
CAAACAGTCCCACCGA,2
CAAACATAAAAAATAA,1
CAAACCAGAACCCATC,3
CAAACCATACAGAAGT,5
CAAACCCACCGAAAGA,1
CAAACCTGCCTGATTT,5
CAACACCTAGTCAACA,5
CAACACCTATTCCCGG,3
CAACAGACAATAACAC,1
CAACCAACATACCCAT,1
CAACCAAGACGCCAGA,0
CAACCACACATGAAGC,4
CAACCATCATTGAGTG,0
CAACCCTACAAAATGG,2
CAACCCTACAAGATCA,7
CAACCCTGACCGATAT,4
CAACCCTTCCCCATTC,3
CAAGAAATAGACCCGC,3
CAAGAACAATTACAGT,5
CAAGAACGATATAGAG,7
CAAGAAGGAAAAATCT,6
CAAGAAGGATTACCCG,1
CAAGAATGAGCGCACT,1
CAAGACCAAATCAGAT,5
CAAGACCCATCTCATG,0
CAAGACCCCATGAGCT,2
CAAGACGGACAACATC,3
CAAGAGCGCAGTCAGT,3
CAAGATTTACTGAACC,1
CAAGCACCCCGAAACG,3
CAAGCCAAAGTTCAAA,5
CAAGCCACAACGAAAT,0
CAAGCCCAAAGCCAGC,4
CAAGCCGAATTAACCG,4
CAATAAGAAGTGACCG,1
CAATAAGTATAGCCTC,5
CAATAATCAACTCAGT,2
CAATAATCAGCAACGC,3
CAATACCCAAAACAAG,1
CAATATAAATGGAGAC,5
CAATATCAACCGCCGG,4
CAATATCGACGAAGAT,2
CAATATGGAAGCCAGA,0
CAATATTTCCCCCCCG,0
CAATCAAGCACTACTG,1
CAATCAGTCAAGAGAC,0
CAATCCAAATAGATGT,7
CAATCCGCAAACAGCG,1
CAATCCGGCAAGCATC,0
CAATCCTAATCCAGCG,0
CACAAAGGAAGCCCTT,6
CACAAAGGCCATAAGA,4
CACAACCGAGAACCTT,0
CACAAGACAGCCAAAT,1
CACAAGCAAGCTACTT,2
CACAAGTAAAATCCAT,2
CACAATCGACCCAACG,1
CACAATGTCCACATGG,0
CACACACTATTCCCGT,0
CACACAGCACCCCAGA,1
CACACCAAAGTACCGA,7
CACACCGCCAGACCTT,3
CACACCGTAGGCCAGG,2
CACCAAAGACGGATTT,1
CACCAACAAACGAAAT,1
CACCAAGTAGGAATGA,2
CACCAATAACGTCAAC,0
CACCAATTAAACAGCA,4
CACCACAGATCTATCC,6
CACCACCTCCGGAGAA,5
CACCACGACACAAGTA,1
CACCAGAGCAACATTT,0
CACCAGCCACGTAGTC,3
CACCAGGGACTTATTG,3
CACCAGTAAATAACAG,1
CACCATCGAAGTATTG,0
CACCATGAACAGCATT,0
CACCATGAATTCACAT,2
CACCATGTATGAAACC,0
CACCATTAATATCCCC,5
CACCCCGGACCACATT,1
CACCCCTCATACCCGT,6
CACCCCTCCAACCCCT,4
CACCCCTTAGCCCCAG,6
CACGAAACAACGCCGC,3
CACGAACCAAGAACTC,2
CACGAACGCATTCCTG,1
CACGAAGCAATCCATC,2
CACGAGAGCCACAGTT,1
CACGAGCTCCAAATAG,7
CACGATAAATCGCAGT,0
CACGATACACTTATAG,4
CACGATGTACGCATCC,7
CACGATGTCAATAAAT,3
CACGCAACAGAGCAAG,0
CACGCACACAGGAAGC,0
CACGCAGAAGTACATA,5
CACGCATAACTGCAGG,6
CACGCATCATATAGGT,4
CACGCCAAACTGCCCA,6
CACGCCTACCAGACAG,4
CACGCCTGAGCAAAGG,0
CACTAACTAGCCAAGC,7
CACTAATGATCTCCTA,5
CACTACAGAGCGCCAC,5
CACTACATAAAGCCGT,0
CACTACGTAGGGCCGA,3
CACTACTAAAAGAAAA,0
CACTAGAGACTAAATT,6
CACTATGGAGGAAGCT,2
CACTATTAATCCCAAC,1
CACTATTGAGTAATCG,5
CACTCAAGCAAAAGTT,2
CACTCCCAAAACCACG,2
CACTCCCGCATAAAAC,4
CACTCCGAACAGAGAT,5
CACTCCGTAGTACATT,5
CACTCCTCATCCCAGT,5
CACTCCTGATCTCCCC,7
CAGAAAATATGCCCCT,6
CAGAACGACCTAAACA,5
CAGAAGCAACCGCATA,1
CAGAAGCCAAGGCAGC,5
CAGAAGCCACTGACCA,2
CAGAAGCGATTGCCGT,0
CAGAAGCGCCCCATCG,3
CAGAAGGCAGCGAAAG,0
CAGAAGTCAATCACAA,3
CAGAAGTTACTTCAAT,1
CAGAATACCCATACCG,3
CAGAATAGAGGCAGAT,0
CAGAATGAAGCAAACA,5
CAGAATTCACGACCTT,1
CAGACACCCCTTCCTG,3
CAGACATCAACAACTA,4
CAGCAAATAAACCAGC,5
CAGCAACAAACGCCGC,7
CAGCAACCAATGCACA,6
CAGCAACCACTAATTA,2
CAGCAACCCCAACAGG,2
CAGCAACTCCATCCAG,1
CAGCAAGCACAGACAA,1
CAGCAAGTCAAACCGT,2
CAGCAATACAGTAGCA,0
CAGCAATCAACGAGAT,2
CAGCACAGACCCAAGG,0
CAGCACGACAGCAAAC,1
CAGCAGATAGTCAATG,2
CAGCAGATCACGAACG,2
CAGCAGGCACTCATGA,5
CAGCAGGCCCCCAATC,6
CAGCAGTCAAATAAGT,5
CAGCATATAATGACGT,7
CAGCATCACCCCACTG,2
CAGCATCCCCGAAACG,5
CAGCATCTCACTATAC,5
CAGCATCTCCTGACCA,1
CAGCCACTACAAACTG,1
CAGCCAGCATTTAGTT,6
CAGCCATGCCAAACTA,4
CAGCCCACAACCAACC,0
CAGCCCCCCCTGCCCT,0
CAGCCCGGCCACAACC,1
CAGCCCGTACTTCAAC,0
CAGGAATCAAGGCACG,6
CAGGACACCCGGAATG,2
CAGGACAGATACAACT,2
CAGGACCAACATCAGA,0
CAGGACCAACGGACGG,0
CAGGACGTCATCATGT,5
CAGGAGAGAGGCCACA,5
CAGGAGATATTCCACA,6
CAGGAGGTACCAACTC,2
CAGGAGTAAATGATGC,2
CAGGATCCCCTGACAA,5
CAGGATCGAAGTAGGG,3
CAGGATGAACCAAGCT,0
CAGGATGTCAGTAGCG,1
CAGGCACTCCCCCAGG,7
CAGGCAGTATTCACAC,4
CAGGCCCAAATTAAAC,0
CAGGCCTAACCCAGCT,7
CAGTAAAGCCGCACCC,7
CAGTAACTAAAGAGAA,6
CAGTAATACAGACCGC,6
CAGTACCTAACGACCA,4
CAGTAGAAAAAAACTA,1
CAGTAGCACCGAAACT,6
CAGTATAACCCGAGCA,6
CAGTATCACCATATTC,5
CAGTATGAACCTACTA,0
CAGTATGGAGAGCAGG,7
CAGTATGTAGTCCCCT,6
CAGTCAGAAGTTAAGA,4
CAGTCCATCCGCCACG,0
CATAAACGCAGTAGAG,5
CATAAACTACTTAAAA,2
CATAAAGAAATCCATG,5
CATAAAGCAGGAAAAA,5
CATAACAAACAAACCT,7
CATAACATAGCTCAGA,2
CATAACCAACGAACAG,4
CATAACGCACCGAAAA,6
CATAACGGCAGGCCAT,2
CATAAGCACCCGAAGT,0
CATAAGCCCCGGACCG,3
CATAAGCTATTTAAGA,4
CATAAGGAACTTAATA,5
CATAAGGAAGACACCT,5
CATAAGGGAATACACC,4
CATAAGTAAACAATTG,1
CATAAGTTCAATAAGT,6
CATAATCGCATTCAAC,1
CATAATCTCCCTACTC,2
CATAATTGAGAAACGG,2
CATAATTTACGCAACT,3
CATACAGGAATCCCAA,1
CATACAGGCCAAAGCG,2
CATACCCAAAACCCTC,4
CATACCTGATCCCCTA,3
CATCAAGGACAAAGAC,1
CATCAAGTAAAAAAGG,4
CATCACAACCGCAACC,5
CATCAGGTACCTCAGC,2
CATCAGGTCAGAACTT,3
CATCATCCAACTCCGA,5
CATCATCGATTTAAGA,3
CATCATGGCATCCAGG,4
CATCATTTACCCACAA,5
CATCCATAAATGACAT,5
CATCCCGAAAATAGTG,4
CATGAAACATCGAGTG,3
CATGAACAATGTACCG,2
CATGAACCCCGTAGAA,5
CATGAATAACAGAATT,1
CATGAATTACTGATTC,4
CATGAATTCACCAACA,2
CATGACAGACCTAATG,0
CATGACTAACCAAGCA,2
CATGAGACATAGCCAG,5
CATGAGAGCATTCATA,5
CATGAGCGAATGCATC,2
CATGAGCTCAGCCCCA,2
CATGATACACTCAAGG,4
CATGATCCAGCCCACT,1
CATGATGCAGCTAGAT,3
CATGATGTACCTATGG,4
CATGCACTAGTAAAGA,0
CATGCAGGAACACCTC,1
CATGCAGGAGTCAAGG,4
CATGCATCAAATATCC,1
CATGCATGCATAAGCC,0
CATGCCACCCCGAACC,1
CATGCCCACAGTACAC,5
CATGCCCCCAGTAGCT,3
CATGCCGCATTGATAA,2
CATGCCGGACCTAGCA,0
CATGCCGGAGCCATTT,3
CATGCCTACACGCATT,2
CATGCCTCAGGTAAAA,1
CATGCCTGAGAGACTT,0
CATTAAAGACTAAGGC,3
CATTAAGCACGTAGCC,3
CATTAATAACGCAAGG,0
CATTAATCAAGTAGTT,1
CATTAATCAGCGAAAT,0
CATTAATCCATAATAC,3
CATTACAAAGCTAAGG,6
CATTACACAGTACAGG,6
CATTACGTCCCGCCCC,1
CATTACTCCCCCAAGC,1
CATTAGCTATAACAAC,0
CATTAGCTCAAGAGCA,0
CATTAGGAACTAAATC,4
CATTAGGGCAATCCCG,0
CATTAGTCATTAATTA,4
CATTATGTACTACCTT,2
CATTATTCAAAGAATA,2
CATTATTCATTACCTG,4
CATTATTCCATGACCC,5
CATTCACTAAGTCAGG,3
CATTCAGAAGAGCCTT,1
CATTCCACACAAACCG,0
CATTCCAGAGGAAAGC,3
CATTCCCACCGTATAT,2
CATTCCCGAGCCATCT,1
CATTCCGCAGGCAACC,1
CATTCCTTAACTAGTC,1
CATTCCTTCCAGCCGT,3
CCAAACACCAGGAGTG,3
CCAAACCAATAGACCT,7
CCAAACTGATACATTT,4
CCAAAGAACCTTCCCA,4
CCAAAGAGAGAGAAAA,2
CCAAAGCGAACGAAGT,6
CCAAAGGCAAACACCC,6
CCAAAGTACAGCATGT,0
CCAAATAAAAATAGTA,5
CCAAATAGAGCACATC,2
CCAAATGACATCCCGC,2
CCAAATTACAAGAACA,4
CCAAATTTAAGGACTA,2
CCAACCAGCAATATGG,3
CCAACCGGACCACCCA,4
CCAACCGGATGGACCC,2
CCAACCTTACCCACAG,3
CCACAAGCAAAAAGCC,4
CCACAAGCATGGAACC,3
CCACAATTAAAAAATG,4
CCACACCCAAGGACGG,1
CCACACCCAGCAAGGA,1
CCACACTCATTTACCC,3
CCACAGCCATTGACTA,3
CCACAGCGAACAACCT,4
CCACAGTGACCCAACT,7
CCACATGGCCGCAAAC,5
CCACATTAAATGCCGG,5
CCACATTCCCCGCAAT,2
CCACATTGATTCATTG,7
CCACCACAAAGAATCG,4
CCACCAGCATCGAGCT,2
CCACCAGGCCTTATCC,5
CCACCATAAGCTCCCG,6
CCACCATACCAAAGTT,1
CCACCATCACACCCTT,2
CCACCCACCACGACTG,1
CCACCCATAATGACTC,5
CCACCCGAAAGAACCC,6
CCACCCGCACTGAGGA,7
CCACCCGGAGGGACAT,2
CCACCCTAATGACAAC,2
CCACCCTACATGAAGG,4
CCACCCTCACGACACC,7
CCAGAAGCACTCATTC,1
CCAGAATACACAACGT,3
CCAGAATTATATACAC,1
CCAGACAAAAACATTC,0
CCAGACACACATACGC,2
CCAGACATAATACAAC,3
CCAGACGCCAAAAGCT,1
CCAGACGTAATTATCT,6
CCAGACGTAGCAATAT,1
CCAGACTGAGTAATGA,3
CCAGAGCAACGTCAGT,3
CCAGAGGACCGCACGA,2
CCAGAGGCATGGCCGT,0
CCAGAGGGCCCCAGGA,0
CCAGAGTAATCTAGCA,4
CCAGATTAAAATAGAC,6
CCAGCAAACCTGAGCT,2
CCAGCAACACCCATGG,0
CCAGCAAGAGCGACGG,6
CCAGCACCCCAAATTG,5
CCAGCATCACGTCCAT,6
CCAGCCAAAGGGACTA,3
CCAGCCCTACACACCG,1
CCAGCCGTAATTACGT,3
CCAGCCTAAAACATAG,1
CCAGCCTAAACGACGT,2
CCAGCCTTCAAGACTC,7
CCATAAACAATACCGT,6
CCATAACAACCACCGG,7
CCATAACCACGACCCG,5
CCATAACGACCGAATG,0
CCATAAGGACAGATAG,0
CCATAAGGAGGCCCCT,4
CCATAATTACTCAAGT,4
CCATACCTCACGAGAG,0
CCATACCTCCCTATAG,1
CCATACGAACCGAGGA,0
CCATACGGAAGAACGA,2
CCATACTAAGGAAAAT,0
CCATAGACCCATCCTA,6
CCATAGACCCTTCCAG,3
CCATAGCTAATGCATA,2
CCATATAGATTCCCTC,0
CCATATTCCCCCATGA,3
CCATCAGTACAAAACG,3
CCATCATAACCTATAG,3
CCATCATACAGCACTT,4
CCATCCCGCCCGCATG,3
CCATCCGTAATAATTC,3
CCATCCGTACTAAGAT,4
CCATCCTCATGTCCAC,0
CCCAAAAGCAAGCATT,2
CCCAAACCACAGAAGG,2
CCCAAACGAGACAGTG,3
CCCAAACTATGCACCA,1
CCCAAAGCAAATAAAC,2
CCCAAAGTACGGCCCA,1
CCCAAAGTAGGTCCAG,6
CCCAACACCACAATAC,7
CCCAACCACACGCACA,3
CCCAACCGACAACCGG,1
CCCAACCTCACAATGT,1
CCCAAGTAAATTCACC,5
CCCAATGAACGACCAG,2
CCCAATTGAATCAAAA,2
CCCAATTGAGTGCCTA,2
CCCAATTTAGTACACC,3
CCCACAACAAAGAGCA,4
CCCACACAAACTATGA,7
CCCACACTCAGTCCGC,5
CCCACAGGACTACCTT,3
CCCACCCTAAGACCCA,1
CCCACCGGCCTTATGG,5
CCCACCGTAAATAGCT,3
CCCACCTAACAAACCC,6
CCCCAAGAATCAACGC,2
CCCCACAGATCAAGAG,5
CCCCACTCACCCATTA,0
CCCCAGACATCTAATC,3
CCCCAGGTAAATAAGA,2
CCCCATCACCGCCCAC,0
CCCCATCCAAATACAC,0
CCCCATCTATAGCCAA,6
CCCCCACGATTTAAAC,4
CCCCCAGCACCAAAGC,0
CCCCCAGCACGAAACA,5
CCCCCATACCGCCCTA,1
CCCCCATCCACAACGT,1
CCCCCCATATGTCCTG,4
CCCCCCCGCACCCCCT,7
CCCCCCGGCCTCCATG,4
CCCGAAAAAGGAAGCG,7
CCCGAAACACCACATG,3
CCCGAAACACCTATAC,0
CCCGAAGTATCGACGA,7
CCCGACAGATACAGGG,7
CCCGACCACATCATAC,0
CCCGACTAAAGGAGGT,0
CCCGAGAGCCGCCACC,6
CCCGAGCCAACGAAGG,5
CCCGAGTGAACTCCGC,5
CCCGAGTTACCTACTA,4
CCCGATCGCCTTCCGT,3
CCCGCAATCAGCACGG,2
CCCGCAGCCCATCCGC,2
CCCGCAGCCCTCAGTG,3
CCCGCAGTAAGTCCTT,1
CCCGCATCAAATCAAT,6
CCCGCCCACAGTATAC,1
CCCGCCCTATTTACTG,4
CCCGCCGTAGTCCAAC,3
CCCGCCTTCATAAGGT,1
CCCTAAAAAACACCAG,2
CCCTAACCCACACCAC,5
CCCTAAGGACCGACAG,5
CCCTAATACACACACA,5
CCCTAATGAAACATTA,5
CCCTAATGAGGGAGAA,1
CCCTACAACCGAAGTG,4
CCCTACAGAGACACTG,0
CCCTACCGAGTAATAA,0
CCCTACCGCACGAGCA,2
CCCTAGAGACTTCCCT,4
CCCTATTCATTTCCGC,4
CCCTATTTACCAACCA,1
CCCTCAGTCCAGCAGA,7
CCCTCCATACTAAGGC,3
CCCTCCGAACGAAACC,2
CCCTCCGCATGACAGA,4
CCCTCCGGATGACCTG,0
CCCTCCGTAAGTAGGG,0
CCCTCCTACCAAATCT,2
CCCTCCTCATGCCCCC,5
CCCTCCTCATTTAAAT,4
CCCTCCTGACACACGA,2
CCGAAAACAACGAATG,5
CCGAAAACCACACCAG,0
CCGAAACTAACTCAAT,4
CCGAAAGTAAGTATAG,2
CCGAAATGCCCCACTA,6
CCGAACCCCCGCACTT,0
CCGAACCTAATCATTA,6
CCGAACCTAGTCCCGT,1
CCGAACGGAACCAAGC,4
CCGAACTTACCCATAG,3
CCGAAGAACATGCACA,4
CCGAAGCTCAGTCATA,0
CCGAAGTAATGTCCGC,0
CCGAAGTTCCCCACTC,2
CCGAATCGACAAACCT,0
CCGACACAATCGAAAG,6
CCGACACCAGCGAAAA,4
CCGACAGGCCTACCTA,0
CCGACCTTCATCACTA,3
CCGCAAACAGGGATAG,5
CCGCAAAGATTCAGCA,2
CCGCAAATATGAACTA,6
CCGCAACAATGCCAGT,0
CCGCAACACCAAACCG,0
CCGCAAGACACAAATA,3
CCGCAAGCCCCGCAGT,0
CCGCAAGTCCTGCAAA,4
CCGCACAGAATACCGC,5
CCGCACAGACGTAAGA,0
CCGCACCCCAGACATT,0
CCGCACTACCGAAATA,0
CCGCAGCTATCGCAAA,3
CCGCAGGCACGTAAAG,5
CCGCAGTAACTCCAAT,3
CCGCAGTCATTTAAGA,4
CCGCATACAAAGAGAG,2
CCGCATACAAGTCATA,5
CCGCATATACCCATTC,5
CCGCATCCAGACAAGC,1
CCGCATTAAACACACA,2
CCGCATTGCCCTACCG,3
CCGCCATTCATTCACG,5
CCGCCCACAAGACCGA,0
CCGCCCCCCATAACAA,5
CCGGAACGCCTCAGCA,3
CCGGAACTATATCCTC,5
CCGGAAGGAGTGAAAC,4
CCGGAAGTCACGATGT,7
CCGGAATGCCTCAAGA,4
CCGGACCCATAGCCTG,3
CCGGACGTATACACTG,4
CCGGACTCACGACATC,3
CCGGACTTCAAGACAG,0
CCGGAGAGCCCTCATA,4
CCGGAGCTAATGCAGC,4
CCGGAGGGCCGGAGAG,7
CCGGATACACTACAAA,0
CCGGATCAAGTTCATC,1
CCGGATCGCAGAACGG,0
CCGGCCATATTGCAGG,3
CCGGCCCAAATCACAT,1
CCGGCCGTACACATTC,6
CCGTAAACCAGCATAC,5
CCGTAAAGAATTACAG,3
CCGTAACACCCACCTA,5
CCGTAACGATACCCAT,5
CCGTAACTAACGCACA,4
CCGTAACTCCGGAGGG,2
CCGTAAGTAACCACCG,1
CCGTAATTAAACAGAT,7
CCGTAATTAACCACTC,0
CCGTAATTCCCAATAT,5
CCGTACAAAGGAAAGT,0
CCGTACATATGGAGGT,2
CCGTACCCACGTATCG,1
CCGTACGGCCCACCAC,5
CCGTACGTCCGACACA,4
CCGTACTCAATCCACA,5
CCGTAGAGAACTCCGA,2
CCGTAGATAAGCATTC,4
CCGTAGCCACCAACCT,4
CCGTAGCGCCCCCAGG,4
CCGTAGTCCCGCAACA,2
CCGTAGTTATAGCACT,2
CCGTATAAACCGCAAT,0
CCGTATCGAGTTAAGC,4
CCGTATCGCAGTCCAT,2
CCGTATCGCCGCAAGA,0
CCGTATTGCCCTAGAA,3
CCGTCACGACTCAATT,1
CCGTCAGCAAAAATGG,1
CCGTCAGGACGGAACG,0
CCGTCAGTAGAACCAT,7
CCGTCCACCAGCCCGC,5
CCGTCCTACCAAATCT,4
CCTAAAACCAGGCCCG,6
CCTAAACACAGTAAGA,1
CCTAAATAACATAATT,6
CCTAAGAACAGTAGGG,1
CCTAAGGCATGGATGC,2
CCTAAGGTAGGAACCT,3
CCTAAGTACATACCGG,1
CCTAATCCATTTATTA,1
CCTAATGAATCTATTG,0
CCTAATGCACTCAAGC,3
CCTAATTAAAAAACCG,0
CCTACAACAGATAATT,3
CCTACAAGCCTACATT,3
CCTACAATCCAGCAGA,0
CCTACACCCCCAAAGT,3
CCTACAGAAGAAAAGT,4
CCTACAGCCAGAAGTG,3
CCTACAGGAACACCGC,5
CCTACATCATAAATCG,5
CCTACCACAGTTCCAT,2
CCTACCATCCGGAAAG,3
CCTACCCCAGTTAGCC,6
CCTACCTCAAAGAGCG,2
CCTACCTGAGAGATGC,0
CCTACCTGCATCAAGG,1
CCTACCTTCATACAAC,1
CCTCAAAGAGATCCGA,3
CCTCAAAGATATCATG,3
CCTCAACTACTTAAGC,3
CCTCAACTCCCACAGT,4
CCTCAAGACCTTCAAG,5
CCTCACCACCACCAAC,1
CCTCACTAATCGCCAT,0
CCTCACTCACTAAGTA,1
CCTCAGAAAACGCCTC,3
CCTCAGAGCCGAACTC,1
CCTCAGCAAGTCAACT,0
CCTCAGCAATCAATCT,5
CCTCAGCCACTAAATT,1
CCTCAGGTATGACCAG,5
CCTCATAAAGCCCCGC,7
CCTCATAACAGGCCGC,7
CCTCATACATACACAG,0
CCTCATGACAGCAGCT,4
CCTCATGACATGCAGC,3
CCTCATTCAAACACAA,6
CCTCATTCAATGATTG,3
CCTCCAGTAAGACAGA,5
CCTCCATTAATCACTT,6
CCTCCCCTAAGGCCTT,1
CCTCCCGGCAGTCCGC,4
CCTCCCTGATCTATCG,3
CCTCCCTGATGGATTA,1
CCTCCCTTATTCCAGT,4
CCTGAAAGAACCAAGC,1
CCTGAACCAGCGACTT,2
CCTGAACGAACAATCA,0
CCTGAACTAAAAATGT,1
CCTGAAGAACCGATGC,1
CCTGAAGCCCCTCAGA,4
CCTGAATCAGACATCT,4
CCTGACAGCACCAAGC,0
CCTGACAGCCCCAGTA,2
CCTGACCACAGACATC,2
CCTGACCTCCTTCATT,1
CCTGACGAAGAAACCT,5
CCTGACGGCATCATAT,7
CCTGACTCACGCAAGT,4
CCTGACTGAAATCCGG,3
CCTGACTGCCTAACCC,3
CCTGAGGTAAGTCAAG,4
CCTGAGTCAGCCCCAG,1
CCTGAGTCCCAGAACA,3
CCTGAGTGCACCACAC,1
CCTGATAAAGGTCCGT,1
CCTGATACCAGTACTC,2
CCTGATAGCCCCCCTC,6
CCTGATATCCTTAAAA,1
CCTGCACCACAAAAGC,1
CCTGCACGCCCCAGGG,2
CCTGCAGCCAACATAA,0
CCTGCCACAATTAGGA,4
CCTGCCACCCTTCCAT,5
CCTGCCCAACCACATT,1
CCTGCCGACAACCCTA,2
CCTGCCGTAAGCAACG,1
CCTGCCTACAGGCACC,3
CCTGCCTGATCCAACT,1
CCTTAAATAATAATGT,5
CCTTAAATCCGCAGCC,7
CCTTAACAAAATCAAC,4
CCTTAACGCAGAACTT,2
CCTTAAGGACAAACGA,6
CCTTAATGAGCGAAGG,4
CCTTAATGCCAGCCCG,1
CCTTACAAACGGCATT,3
CCTTACACCCCGCAGG,3
CCTTACCCAGCCACCA,6
CCTTACTACAGGACGC,1
CCTTAGGAAGCTAAGC,7
CCTTAGGGAGGCAATC,3
CCTTATAGATGAAAAA,1
CCTTATCAAGGGATGG,1
CCTTATCGCATTAATA,2
CCTTATCTATCTACCC,1
CCTTATGCCCGTAATA,2
CCTTATGTAGAAACGT,7
CCTTATGTATGCAAGC,5
CCTTCACTAGCCACAT,0
CCTTCATCACAGCACA,7
CCTTCCATAACGACCT,1
CCTTCCGAACGCATAA,3
CCTTCCGCAAAGATGG,5
CCTTCCGGACGAACAT,1
CCTTCCTAATCTATTC,6